eno,ename,salary,deptno,doj,location
10,Amber,1000,10,14-05-2018,Bangalore
2,Amar,1000,10,22-03-2017,Bangalore
8,Sagar,1000,20,30-11-2020,Bangalore
4,Thomas,1000,10,18-08-2019,Bangalore
5,Jade,2000,10,10-02-2021,Bangalore
6,Smith,1000,10,01-12-2016,Bangalore
7,Robert,3000,20,25-06-2023,Bangalore
3,Nick,1000,30,15-09-2015,Bangalore
9,Naman,4000,30,20-01-2020,Chennai
1,Vikas,1000,30,03-10-2017,Chennai
11,Dennis,41000,30,05-01-2024,Chennai
12,Karan,2200,20,16-06-2018,Chennai
13,Simran,1500,10,19-12-2019,Chennai
14,Amit,2000,30,09-04-2022,Chennai
15,Neha,1700,20,22-07-2021,Chennai
16,Rahul,1200,10,28-03-2016,Chennai
17,Divya,3000,30,11-11-2015,Chennai
18,Rakesh,1800,10,04-09-2020,Chennai
19,Monica,2500,20,07-08-2023,Chennai
20,John,2300,30,29-10-2018,Chennai
21,Sneha,2700,10,14-12-2022,Chennai
22,David,1000,20,17-02-2017,Chennai
23,Anita,1500,30,21-05-2019,Mumbai
24,Vinod,1800,10,30-07-2016,Mumbai
25,Meena,2000,20,13-03-2020,Mumbai
26,Harsh,1600,10,25-09-2021,Mumbai
27,Kavita,1400,30,06-01-2019,Mumbai
28,Mohan,1300,10,17-04-2015,Mumbai
29,Priya,1200,20,11-02-2023,Mumbai
30,Suresh,1100,10,09-09-2018,Mumbai
31,Rani,1900,20,03-11-2022,Mumbai
32,Ajay,2100,10,26-06-2020,Mumbai
33,Nidhi,2400,30,12-05-2016,Mumbai
34,Vivek,2000,20,31-07-2017,Mumbai
35,Seema,3000,10,15-10-2021,Mumbai
36,Ritu,3200,20,01-05-2023,Mumbai
37,Kunal,2800,30,22-08-2015,Mumbai
38,Alok,2700,10,02-03-2019,Mumbai
39,Poonam,2600,20,05-02-2022,Bangalore
40,Yash,2500,30,19-07-2020,Bangalore
41,Nina,2300,20,28-12-2018,Bangalore
42,Tarun,2200,10,09-01-2021,Bangalore
43,Geeta,2100,30,14-11-2017,Bangalore
44,Ashok,1900,10,08-06-2016,Bangalore
45,Sanjana,1800,20,17-03-2023,Bangalore
46,Manoj,1700,30,24-07-2019,Bangalore
47,Payal,1600,20,10-10-2015,Bangalore
